Series Name,Series Code,Country Name,Country Code,1990 [YR1990],2000 [YR2000],2012 [YR2012],2013 [YR2013],2014 [YR2014],2015 [YR2015],2016 [YR2016],2017 [YR2017],2018 [YR2018],2019 [YR2019],2020 [YR2020],2050 [YR2050]
CO2 emissions (metric tons per capita),EN.ATM.CO2E.PC,East Asia & Pacific,EAS,2.49446718050827,3.16843592989046,6.15012838697755,6.29887051903295,6.24267957785307,6.19247158019,6.16507541510155,6.23725325340775,6.36117965117565,..,..,..
CO2 emissions (metric tons per capita),EN.ATM.CO2E.PC,South Asia,SAS,0.567342502556742,0.773531071458188,1.27424033641974,1.29182769212915,1.38292180833402,1.38481557411261,1.39975587202481,1.46285048165024,1.52665123826178,..,..,..
CO2 emissions (metric tons per capita),EN.ATM.CO2E.PC,Middle East & North Africa,MEA,3.3341428050725,4.07884205379951,5.74152870772102,5.73594382705647,5.84766595535811,5.81840465144704,5.75421799892749,5.73090672707515,5.63865714120856,..,..,..
CO2 emissions (metric tons per capita),EN.ATM.CO2E.PC,Sub-Saharan Africa,SSF,0.78366421124309,0.717068799182923,0.805956711837532,0.817618181067341,0.824377307149742,0.78151815422518,0.76861242669,0.763443279504828,0.763618494024364,..,..,..
CO2 emissions (metric tons per capita),EN.ATM.CO2E.PC,Latin America & Caribbean,LCN,2.03578082740438,2.44607972360996,2.87578721485356,2.91772236287914,2.90637028056692,2.86493157609527,2.7809517187686,2.70001842431839,2.63736256899646,..,..,..
CO2 emissions (metric tons per capita),EN.ATM.CO2E.PC,Europe & Central Asia,ECS,9.47659053574727,7.48216015938433,7.29048889234514,7.10863643343444,6.76855016183679,6.69411120207959,6.68515472319884,6.721799839876,6.69010595705676,..,..,..
CO2 emissions (metric tons per capita),EN.ATM.CO2E.PC,North America,NAC,18.9866157373537,20.1148175290478,15.7740390145107,16.0824634186624,16.0130939953744,15.550833640324,15.1469245227553,14.8682233158805,15.2708756112257,..,..,..
CO2 emissions (metric tons per capita),EN.ATM.CO2E.PC,Afghanistan,AFG,0.238472916123355,0.0370549371204185,0.335351023308404,0.263715760645502,0.234036914423758,0.232175631246749,0.208857195602366,0.20332756862023,0.200151071015376,..,..,..
CO2 emissions (metric tons per capita),EN.ATM.CO2E.PC,Albania,ALB,1.84084061606394,1.026213108529,1.57909199452076,1.65452427763954,1.80678854066866,1.75998705871449,1.71412617289866,1.94887203810602,1.93973156347946,..,..,..
CO2 emissions (metric tons per capita),EN.ATM.CO2E.PC,Algeria,DZA,2.63559677613212,2.53171179217169,3.38755462612394,3.40612323474996,3.56620883406526,3.6742329469226,3.53501992705652,3.50574766242013,3.59165741835207,..,..,..
CO2 emissions (metric tons per capita),EN.ATM.CO2E.PC,Andorra,AND,7.52183165773831,7.95228628230616,5.94465405752969,5.94280054475672,5.8071276179415,6.02618183683151,6.08060029756129,6.10413392729587,5.97340536048203,..,..,..
CO2 emissions (metric tons per capita),EN.ATM.CO2E.PC,Angola,AGO,0.534250026480402,0.754476371745695,1.20479888322113,1.26154174238672,1.28536455265954,1.26092098873993,1.2277029417926,1.03431729977182,0.88738036390839,..,..,..
CO2 emissions (metric tons per capita),EN.ATM.CO2E.PC,Antigua and Barbuda,ATG,3.35822685621992,4.34170536924231,7.96398508965014,5.136050704841,5.18571335969404,5.23666520610018,5.28988573846805,5.23971705527901,5.50466338464095,..,..,..
CO2 emissions (metric tons per capita),EN.ATM.CO2E.PC,Arab World,ARB,2.87077885764533,3.16330493711316,4.51218940948461,4.49519443939826,4.60019065903552,4.61796354463472,4.57030837009204,4.52835061157416,4.43871596541357,..,..,..
CO2 emissions (metric tons per capita),EN.ATM.CO2E.PC,Argentina,ARG,3.06082581963544,3.57762821285442,4.277881788849,4.35988634439761,4.21636063230176,4.31443352245988,4.22753944174089,4.0894715157252,3.9872341980589,..,..,..
CO2 emissions (metric tons per capita),EN.ATM.CO2E.PC,Armenia,ARM,5.61025435790992,1.15976136281082,1.98319210023857,1.89812716968877,1.88160773079824,1.82529219202211,1.72675278179192,1.80658104876105,1.88024626821933,..,..,..
CO2 emissions (metric tons per capita),EN.ATM.CO2E.PC,Australia,AUS,15.4467304615853,17.689656972798,16.9692565563587,16.3986459950997,15.7558761009156,15.7864494009173,15.8720795379851,15.7386474030825,15.475516485656,..,..,..
CO2 emissions (metric tons per capita),EN.ATM.CO2E.PC,Austria,AUT,7.58936421003276,7.92978551259517,7.72361441429771,7.75369957604068,7.25338378134494,7.3067452655704,7.25562651573804,7.48275147921596,7.14663762463773,..,..,..
CO2 emissions (metric tons per capita),EN.ATM.CO2E.PC,Azerbaijan,AZE,8.034641709736,4.97105086598912,3.30902697394862,3.33340377480633,3.42210064541678,3.33390642946498,3.34706182082623,3.24435690442685,3.22140218320925,..,..,..
CO2 emissions (metric tons per capita),EN.ATM.CO2E.PC,"Bahamas, The",BHS,6.94696499588256,7.1801238068077,10.0115242545678,8.47037547458615,7.06913996627319,6.33351149118119,5.7948312222331,5.6319728407933,5.86046391017413,..,..,..
CO2 emissions (metric tons per capita),EN.ATM.CO2E.PC,Bahrain,BHR,21.6564131414503,23.8937121018342,20.4393734489693,21.8702401239821,22.6185245866057,22.3055968824648,21.1811953067521,20.3336240367799,19.5929758385156,..,..,..
CO2 emissions (metric tons per capita),EN.ATM.CO2E.PC,Bangladesh,BGD,0.111658248374604,0.169593941656331,0.384025154859518,0.39656611450694,0.412898522713156,0.458797539455164,0.466776363121019,0.492906612933688,0.512837313770296,..,..,..
CO2 emissions (metric tons per capita),EN.ATM.CO2E.PC,Barbados,BRB,3.75575339263336,4.56703411648147,7.78997384542718,5.20587842163394,4.52909681383306,4.52112838953201,4.58365698850237,4.19244730617792,4.36087077867709,..,..,..
CO2 emissions (metric tons per capita),EN.ATM.CO2E.PC,Belarus,BLR,9.79978408087153,5.30982673671616,6.3172942666249,6.33108165996672,6.27684109501799,5.78421719066398,5.81064068180991,5.92108199982649,6.25402079970694,..,..,..
CO2 emissions (metric tons per capita),EN.ATM.CO2E.PC,Belgium,BEL,10.9667747158004,11.4405560297525,8.54961568145011,8.65727005028135,8.04349554115034,8.44406111087655,8.32375671826537,8.1554911149366,8.17971106113614,..,..,..
CO2 emissions (metric tons per capita),EN.ATM.CO2E.PC,Belize,BLZ,1.75949326593941,1.81957866645101,2.04141407865657,1.44631147185333,1.38666425179559,1.82862969140489,1.76439132570935,1.72975849910186,1.77512784836231,..,..,..
CO2 emissions (metric tons per capita),EN.ATM.CO2E.PC,Benin,BEN,0.0763283799562478,0.22283892124989,0.487190487574895,0.501769487097627,0.535635874149484,0.566378736988654,0.665006633510153,0.658601659819357,0.688722324311593,..,..,..
CO2 emissions (metric tons per capita),EN.ATM.CO2E.PC,Bhutan,BTN,0.244912876953887,0.62604269949612,1.08326610431853,1.19678697895767,1.30727498529316,1.31888965976768,1.66959411216958,1.78388680768761,1.82927799192997,..,..,..
CO2 emissions (metric tons per capita),EN.ATM.CO2E.PC,Bolivia,BOL,0.82740469222949,0.950314019388782,1.66222170915514,1.76051411565231,1.88389931104579,1.8776911887064,1.95887859684466,1.98787565601013,2.00032766265544,..,..,..
CO2 emissions (metric tons per capita),EN.ATM.CO2E.PC,Bosnia and Herzegovina,BIH,5.3703190063588,3.71883377372856,6.09158684172859,6.16778985366107,5.59718744920459,5.71826479677561,6.59724303753134,6.75809942551679,6.78113160660171,..,..,..
CO2 emissions (metric tons per capita),EN.ATM.CO2E.PC,Botswana,BWA,2.18378620344494,2.45233315463147,2.51525948603394,2.69569091867304,3.41373893467406,3.39979516352025,3.29641075500307,3.56903798327132,3.64230521985371,..,..,..
CO2 emissions (metric tons per capita),EN.ATM.CO2E.PC,Brazil,BRA,1.33057522748249,1.78882884368111,2.26687811082304,2.40185952057599,2.49936201612059,2.34736573083425,2.14349752363003,2.16442150357383,2.04187419904738,..,..,..
CO2 emissions (metric tons per capita),EN.ATM.CO2E.PC,Brunei Darussalam,BRN,15.1518665398857,13.2966749308153,17.8698085449264,17.3584495096609,17.0092098648537,14.4126252669228,15.2695031575236,15.8075390889109,16.644908616188,..,..,..
CO2 emissions (metric tons per capita),EN.ATM.CO2E.PC,Bulgaria,BGR,8.43743537292696,5.30343792027879,6.17584063703139,5.48098688045544,5.84584197704908,6.22597604260022,5.8559262562954,6.22390190316575,5.85477343393352,..,..,..
CO2 emissions (metric tons per capita),EN.ATM.CO2E.PC,Burkina Faso,BFA,0.0669615015628701,0.0904552405502056,0.163536225265297,0.173961011998565,0.171727227334835,0.18773519354615,0.187704296015038,0.212053871478473,0.21618648458803,..,..,..
CO2 emissions (metric tons per capita),EN.ATM.CO2E.PC,Burundi,BDI,0.0349331554071285,0.0407595638789372,0.042180438832307,0.0429755787605046,0.0396168300827047,0.0403541956650932,0.0438596407590311,0.0526461137470086,0.0527946300523678,..,..,..
CO2 emissions (metric tons per capita),EN.ATM.CO2E.PC,Cabo Verde,CPV,0.295899133903235,0.513805006329143,1.04900433654434,0.996599835854145,0.964736935532419,0.952852841407173,1.03550852882479,1.09767646079342,1.14020052817031,..,..,..
CO2 emissions (metric tons per capita),EN.ATM.CO2E.PC,Cambodia,KHM,0.140380634290956,0.161247317103791,0.366700508658259,0.371348160196136,0.43405659076634,0.552783940402418,0.627921977840063,0.710207176240628,0.686777894736518,..,..,..
CO2 emissions (metric tons per capita),EN.ATM.CO2E.PC,Cameroon,CMR,0.246178168818122,0.431869549097251,0.328597266210376,0.333827053126968,0.341682842226338,0.343800786801621,0.357343635306538,0.338678510644967,0.34184290843119,..,..,..
CO2 emissions (metric tons per capita),EN.ATM.CO2E.PC,Canada,CAN,15.1355281967827,16.783045409055,15.7612634959816,15.858128708318,15.8541384273439,15.651386155996,15.2447471768292,15.3852910477258,15.4970252672198,..,..,..
CO2 emissions (metric tons per capita),EN.ATM.CO2E.PC,Caribbean small states,CSS,4.71438922117225,5.03110008987507,6.06138584743462,5.8119007793422,5.60539757547387,5.46232676843348,5.03206254724437,4.87631094431737,5.01703440813194,..,..,..
CO2 emissions (metric tons per capita),EN.ATM.CO2E.PC,Central African Republic,CAF,0.0570056364323022,0.0659264409253765,0.0676222288692369,0.0674468771533821,0.0672017268155723,0.068993590495443,0.0683168039724238,0.0674496189422899,0.0707187056333878,..,..,..
CO2 emissions (metric tons per capita),EN.ATM.CO2E.PC,Central Europe and the Baltics,CEB,8.92804833903554,6.53438652674119,6.56254306163762,6.32693497097964,6.1420625006842,6.24998268897351,6.37248993580012,6.6259439670661,6.59723248598714,..,..,..
CO2 emissions (metric tons per capita),EN.ATM.CO2E.PC,Chad,TCD,0.0654005785435794,0.0610365149155291,0.069614199669794,0.0695892487031249,0.0687961162689495,0.068740840017317,0.0700469685526195,0.0679241016088623,0.0691315979407054,..,..,..
CO2 emissions (metric tons per capita),EN.ATM.CO2E.PC,Chile,CHL,2.29083822154718,3.24722092769361,4.51082647202854,4.7201404591785,4.30148844789357,4.5616548528506,4.73170735993575,4.71239578277393,4.6248722447118,..,..,..
CO2 emissions (metric tons per capita),EN.ATM.CO2E.PC,China,CHN,1.91454256354691,2.64847997655715,7.05800347228649,7.32048505208564,7.25291914357129,7.16911217747699,7.11870541429571,7.22576899079988,7.40521134749736,..,..,..
CO2 emissions (metric tons per capita),EN.ATM.CO2E.PC,Colombia,COL,1.47601837186715,1.46909037138943,1.52553228629889,1.67306542320275,1.69946558599221,1.7051528338186,1.7386593989486,1.55510616635784,1.6006506184645,..,..,..
CO2 emissions (metric tons per capita),EN.ATM.CO2E.PC,Comoros,COM,0.170068853590154,0.184380058927867,0.207220959709338,0.24274757893005,0.210695426592397,0.2315306102761,0.251383552225561,0.307166816154517,0.31237910327974,..,..,..
CO2 emissions (metric tons per capita),EN.ATM.CO2E.PC,"Congo, Dem. Rep.",COD,0.0918755890113675,0.0195304912364351,0.035206804261136,0.0511499604169375,0.0649337929489086,0.0379043575216646,0.0261457386317123,0.028010252981111,0.0261692628875174,..,..,..
CO2 emissions (metric tons per capita),EN.ATM.CO2E.PC,"Congo, Rep.",COG,0.356424552559892,0.9144918175365,1.05316907443289,0.865284504463462,0.861310987098279,0.708388410189014,0.672556251801849,0.63005055470864,0.613992585944184,..,..,..
CO2 emissions (metric tons per capita),EN.ATM.CO2E.PC,Costa Rica,CRI,0.920038109453119,1.24925265668089,1.58916280556988,1.64061954686426,1.63281818579928,1.55534308826366,1.64920307568209,1.65254027561867,1.65218405330354,..,..,..
CO2 emissions (metric tons per capita),EN.ATM.CO2E.PC,Cote d'Ivoire,CIV,0.227256089016629,0.38469345462015,0.366173070936217,0.383021967260586,0.395625651943387,0.41160505823006,0.391223069937504,0.424757467782576,0.39530538358065,..,..,..
CO2 emissions (metric tons per capita),EN.ATM.CO2E.PC,Croatia,HRV,4.25548126081139,4.03956581269574,4.09133279500829,4.00405198782148,3.85523839364438,3.96802362924766,4.05811780471638,4.23805761188363,4.05592876243046,..,..,..
CO2 emissions (metric tons per capita),EN.ATM.CO2E.PC,Cuba,CUB,3.34151616318074,2.53450727156428,2.56282428388382,2.42406043506168,2.3773075382494,2.42742086665371,2.50990109666357,2.26205337123118,2.20230009386014,..,..,..
CO2 emissions (metric tons per capita),EN.ATM.CO2E.PC,Cyprus,CYP,5.94821918665929,7.49505983326407,6.18477136609441,5.57757639443781,5.85786476923918,5.83985867197479,6.11012409106563,6.18809258403726,6.07940050216016,..,..,..
CO2 emissions (metric tons per capita),EN.ATM.CO2E.PC,Czech Republic,CZE,14.5354533934042,12.0106526893106,10.196193719118,9.76957796031908,9.47712222694416,9.57514081800604,9.73469317450937,9.76172591693868,9.64070499819002,..,..,..
CO2 emissions (metric tons per capita),EN.ATM.CO2E.PC,Denmark,DNK,10.1304450412658,9.87149637726758,6.83349870125968,7.12029994308034,6.33652138088678,5.91186777544685,6.17666519436942,5.78145977956558,5.76149416359606,..,..,..
CO2 emissions (metric tons per capita),EN.ATM.CO2E.PC,Djibouti,DJI,0.558949716544742,0.515624107238666,0.587465558391773,0.633989059160236,0.511846463864196,0.590810920811643,0.527382450218864,0.497828619849592,0.51098993349831,..,..,..
CO2 emissions (metric tons per capita),EN.ATM.CO2E.PC,Dominica,DMA,0.852006475249212,1.8664752333094,3.52340953293683,2.39372562272068,2.53196607165464,2.52897787144362,2.52429635239177,2.37895326056535,2.51305391896797,..,..,..
CO2 emissions (metric tons per capita),EN.ATM.CO2E.PC,Dominican Republic,DOM,1.10184480501903,2.2027271556477,2.1790537750999,2.11480115992614,2.09735546299122,2.28075678330622,2.35243473147717,2.22484096287008,2.36375764821923,..,..,..
CO2 emissions (metric tons per capita),EN.ATM.CO2E.PC,Early-demographic dividend,EAR,1.27948668148116,1.56098479245728,2.13138279908905,2.125598135122,2.20357369871968,2.19477663690869,2.1998322271289,2.24769667688375,2.27814572017231,..,..,..
CO2 emissions (metric tons per capita),EN.ATM.CO2E.PC,East Asia & Pacific (excluding high income),EAP,1.66418123710872,2.27399405957402,5.4123717741555,5.57625653912915,5.55204239875203,5.50910856470619,5.48174502193161,5.56435074621808,5.72039708283105,..,..,..
CO2 emissions (metric tons per capita),EN.ATM.CO2E.PC,East Asia & Pacific (IDA & IBRD),TEA,1.6078225692729,2.26316908356349,5.46104839666543,5.63238131357836,5.60601081374396,5.5655390345279,5.53541990457575,5.62277120079195,5.78277867100094,..,..,..
CO2 emissions (metric tons per capita),EN.ATM.CO2E.PC,Ecuador,ECU,1.52478792008274,1.6851819826998,2.36718144300356,2.51027011155773,2.58277544547861,2.51171630534427,2.36551607544329,2.2495799314593,2.31381230047905,..,..,..
CO2 emissions (metric tons per capita),EN.ATM.CO2E.PC,"Egypt, Arab Rep.",EGY,1.54664304529562,1.63965480893278,2.45781641392308,2.38030460207004,2.39591700795628,2.44422078841638,2.47715463828412,2.47494390185913,2.50204214229022,..,..,..
CO2 emissions (metric tons per capita),EN.ATM.CO2E.PC,El Salvador,SLV,0.451606561881294,0.956193433006167,1.08529731535598,1.03094823618481,1.04684196848227,1.10669819597127,1.12804365292944,0.998728265136995,1.0606254107782,..,..,..
CO2 emissions (metric tons per capita),EN.ATM.CO2E.PC,Equatorial Guinea,GNQ,0.143133868335926,3.87673628295226,9.7072220374305,8.68626511038524,7.20858472047354,6.11000577626596,4.60836698401308,4.46114446184176,5.09562509645018,..,..,..
CO2 emissions (metric tons per capita),EN.ATM.CO2E.PC,Eritrea,ERI,0,0.279181805372767,0.193839950967723,0.198082983361334,0.205348482414318,0.194446721299215,0.195465322970907,0.210964653458326,0.231696216140132,..,..,..
CO2 emissions (metric tons per capita),EN.ATM.CO2E.PC,Estonia,EST,22.3174740341097,10.6085605786748,12.6862105880716,14.5599724430329,13.5560212849313,11.6845964785044,11.8939952424019,12.3578242942073,12.1030850007224,..,..,..
CO2 emissions (metric tons per capita),EN.ATM.CO2E.PC,Eswatini,SWZ,1.15512333677438,1.12389500234725,0.98213168903487,1.42614894699602,0.876694714809383,0.932938902465314,1.1041352107821,0.924602243227289,0.959275667664665,..,..,..
CO2 emissions (metric tons per capita),EN.ATM.CO2E.PC,Ethiopia,ETH,0.0482376912864604,0.0537562894292379,0.0912355801680249,0.107772862988097,0.125695422925035,0.127732852055517,0.144300198619813,0.145300852934804,0.149050931014413,..,..,..
CO2 emissions (metric tons per capita),EN.ATM.CO2E.PC,Euro area,EMU,8.4265502266819,8.1930955639339,7.07706350763883,6.91472102882866,6.52371159377268,6.64629518897645,6.61718276211305,6.61317693138972,6.45483756670081,..,..,..
CO2 emissions (metric tons per capita),EN.ATM.CO2E.PC,Europe & Central Asia (excluding high income),ECA,10.4734295053691,6.64242374603822,7.53507160495445,7.34128216987557,7.08164748134449,6.84690784774041,6.8770003018167,6.97348857255,7.07331347955603,..,..,..
CO2 emissions (metric tons per capita),EN.ATM.CO2E.PC,Europe & Central Asia (IDA & IBRD),TEC,10.2876674166823,6.71070397430456,7.53825643927402,7.35122002975918,7.08713116456562,6.88333921916549,6.93523669803192,7.05304129426091,7.14175117866091,..,..,..
CO2 emissions (metric tons per capita),EN.ATM.CO2E.PC,European Union,EUU,8.47288088430996,7.83150674729532,6.92720467882331,6.7429737169052,6.40022381699849,6.51638883308948,6.51892253014466,6.55914292168476,6.42403874133475,..,..,..
CO2 emissions (metric tons per capita),EN.ATM.CO2E.PC,Fiji,FJI,1.00195587276533,1.04807456372355,1.19066197337772,1.30544984877577,1.51192167553238,1.73836561397692,1.9944842195033,2.06277209217514,2.15056197580052,..,..,..
CO2 emissions (metric tons per capita),EN.ATM.CO2E.PC,Finland,FIN,10.9416935680049,10.6448561099446,9.12638800614189,9.22784673280171,8.45187193583022,7.81453741205224,8.31801267373246,7.80833860122355,8.04275204989552,..,..,..
CO2 emissions (metric tons per capita),EN.ATM.CO2E.PC,Fragile and conflict affected situations,FCS,1.01356626301408,0.879276031177996,0.936360374755636,0.941897370868164,0.952647594078634,0.880607849675141,0.863007497857848,0.858046833682774,0.868444603959167,..,..,..
CO2 emissions (metric tons per capita),EN.ATM.CO2E.PC,France,FRA,6.12235968730942,6.12747793966756,5.12231119022055,5.10055617017218,4.59237682939366,4.66608659650847,4.68661220239091,4.72757562163375,4.61924120513374,..,..,..
CO2 emissions (metric tons per capita),EN.ATM.CO2E.PC,Gabon,GAB,4.34968978180987,3.80182015192627,3.33204357147062,3.13691822549489,2.91962898416552,2.81358943158305,2.84379261331094,2.27623628688714,2.17527220393767,..,..,..
CO2 emissions (metric tons per capita),EN.ATM.CO2E.PC,"Gambia, The",GMB,0.198829001826087,0.182134433425311,0.2414672811834,0.224065899818099,0.256912299528121,0.254091837419578,0.246610960507814,0.243913455892317,0.249989912687734,..,..,..
CO2 emissions (metric tons per capita),EN.ATM.CO2E.PC,Georgia,GEO,6.97417742607247,1.16994033304301,1.92819601842272,2.10884888053479,2.27724044701665,2.46961567411381,2.58886305987517,2.58315173481574,2.53854169098541,..,..,..
CO2 emissions (metric tons per capita),EN.ATM.CO2E.PC,Germany,DEU,12.0266092332951,10.0968832733247,9.44994992466537,9.64255894664068,9.10678232951564,9.08729093927033,9.0730063894536,8.85829369906254,8.55838981170216,..,..,..
CO2 emissions (metric tons per capita),EN.ATM.CO2E.PC,Ghana,GHA,0.188854549099949,0.297735601449257,0.546997678991142,0.56412366658134,0.527833773133592,0.543283051942276,0.495401525745413,0.507529429152326,0.541201382411755,..,..,..
CO2 emissions (metric tons per capita),EN.ATM.CO2E.PC,Greece,GRC,7.4160579131162,8.74159526062281,7.25123768550344,6.60999592255908,6.38517838058472,6.28506934230783,6.20361728887355,6.2112500056952,6.08317505028006,..,..,..
CO2 emissions (metric tons per capita),EN.ATM.CO2E.PC,Grenada,GRD,1.14193173324475,2.04206657137023,3.90872203402449,2.9582516732611,2.29568411386593,2.4634362198115,2.53938311128846,2.61558165124375,2.69181419303897,..,..,..
CO2 emissions (metric tons per capita),EN.ATM.CO2E.PC,Guatemala,GTM,0.434248625569951,0.812786389641685,0.821948834598323,0.864797688856427,0.911388475188935,1.04962807257902,1.10313002086849,1.02626785727828,1.11396927255543,..,..,..
CO2 emissions (metric tons per capita),EN.ATM.CO2E.PC,Guinea,GIN,0.157423741578223,0.180809114720956,0.233758216272726,0.200131811584896,0.200879385380823,0.222181479231805,0.241088376865262,0.24611527343324,0.25132323293185,..,..,..
CO2 emissions (metric tons per capita),EN.ATM.CO2E.PC,Guinea-Bissau,GNB,0.174311597360717,0.124864210171439,0.155765083823422,0.15774219949656,0.165442295204596,0.161178259125136,0.168309177226197,0.16410067904861,0.165394727856314,..,..,..
CO2 emissions (metric tons per capita),EN.ATM.CO2E.PC,Guyana,GUY,1.58750232071314,2.22306145023958,2.64764597796099,2.60773020792039,2.69855679610569,2.67124296192632,2.99469899385892,2.99270656770096,3.13219265038697,..,..,..
CO2 emissions (metric tons per capita),EN.ATM.CO2E.PC,Haiti,HTI,0.144929286585587,0.173680811531272,0.243880501675849,0.262483039557444,0.290074696130167,0.310409759582031,0.313653830967891,0.306855525771448,0.299374738328049,..,..,..
CO2 emissions (metric tons per capita),EN.ATM.CO2E.PC,Heavily indebted poor countries (HIPC),HPC,0.153418228714564,0.167592150236396,0.248699655169044,0.249568121673263,0.257196864372564,0.263170204513063,0.267501973087755,0.26932993313064,0.271687566711438,..,..,..
CO2 emissions (metric tons per capita),EN.ATM.CO2E.PC,High income,HIC,11.4415655660065,12.093100578396,10.8324316234856,10.8523380283936,10.617913695706,10.5196571432781,10.3737599450635,10.2650970839991,10.254533148094,..,..,..
CO2 emissions (metric tons per capita),EN.ATM.CO2E.PC,Honduras,HND,0.496437956758236,0.766597054381239,1.05778564957529,1.06154168585549,1.05632477810759,1.08307955400386,1.01393688609627,0.9545004484031,1.01903275747031,..,..,..
CO2 emissions (metric tons per capita),EN.ATM.CO2E.PC,Hungary,HUN,6.49894717441354,5.35012781840238,4.3778644368018,4.12005075870189,4.11798832165675,4.40718039205009,4.53229017294946,4.7558399773763,4.74550624393641,..,..,..
CO2 emissions (metric tons per capita),EN.ATM.CO2E.PC,IBRD only,IBD,2.57134699224909,2.51543272929448,4.26621075472316,4.33396278562493,4.33063795201461,4.26883583995941,4.24107843038241,4.2954825398426,4.38290344069714,..,..,..
CO2 emissions (metric tons per capita),EN.ATM.CO2E.PC,Iceland,ISL,7.65228037955311,7.93015771412315,5.79952356602103,6.26999913517253,6.26172163745548,6.22704532744888,6.17101768130718,6.3191613278975,6.23722432177273,..,..,..
CO2 emissions (metric tons per capita),EN.ATM.CO2E.PC,IDA & IBRD total,IBT,2.17136150410488,2.07958838233303,3.36226769405901,3.40500895100204,3.39499993951662,3.33877812270494,3.31345188241489,3.35057018405099,3.40988700980962,..,..,..
CO2 emissions (metric tons per capita),EN.ATM.CO2E.PC,IDA blend,IDB,0.993315000395287,0.923255664275752,0.836484337694188,0.847874104979824,0.845222430694769,0.827312985905386,0.856887660691923,0.883748917071836,0.920386827178104,..,..,..
CO2 emissions (metric tons per capita),EN.ATM.CO2E.PC,IDA only,IDX,0.250988841919734,0.232368203450665,0.327805352993729,0.321382423255725,0.33112570148786,0.33666702020822,0.350049010575956,0.370624311135795,0.375494879966321,..,..,..
CO2 emissions (metric tons per capita),EN.ATM.CO2E.PC,IDA total,IDA,0.501678433522652,0.465684951763308,0.499625187385737,0.499436782433489,0.505140506989085,0.502852081108412,0.521813486519655,0.544552179479062,0.560235134841183,..,..,..
CO2 emissions (metric tons per capita),EN.ATM.CO2E.PC,India,IND,0.644102026461799,0.889827520407466,1.50782097489256,1.5355600591395,1.6493275187685,1.64119839274392,1.64835905308142,1.71919020043,1.79982544579379,..,..,..
CO2 emissions (metric tons per capita),EN.ATM.CO2E.PC,Indonesia,IDN,0.81576113799489,1.32459428585239,1.95913319398553,1.8042510413422,1.92079996715062,1.89965869189427,1.89244089035547,2.01367107029183,2.17846155349724,..,..,..
CO2 emissions (metric tons per capita),EN.ATM.CO2E.PC,"Iran, Islamic Rep.",IRN,3.17991920407921,5.19250778803785,7.56050965979149,7.74666309231629,7.88309478990649,7.67248132451568,7.61349440100359,7.69493097940191,7.69301259933288,..,..,..
CO2 emissions (metric tons per capita),EN.ATM.CO2E.PC,Iraq,IRQ,3.72292205693826,3.17351707870965,4.76199256369047,4.90242485605102,4.90643526177491,4.55945050904681,4.70764886003607,4.64119988531345,4.89519536080978,..,..,..
CO2 emissions (metric tons per capita),EN.ATM.CO2E.PC,Ireland,IRL,8.82192070857667,11.2005390555071,8.0660362693343,7.72522089979359,7.63245694263742,7.8669371072513,8.14033080739843,7.80673413504381,7.62432519277565,..,..,..
CO2 emissions (metric tons per capita),EN.ATM.CO2E.PC,Israel,ISR,7.25321888412017,9.06344410876133,9.61506857973579,8.31317079223277,7.87638302274913,7.89250724931683,7.63632108588813,7.57921797711544,6.97640383662809,..,..,..
CO2 emissions (metric tons per capita),EN.ATM.CO2E.PC,Italy,ITA,7.14501816314887,7.66216803916005,6.32770894762567,5.75173986603037,5.38731095718742,5.56325970991024,5.49816520549801,5.43785754854959,5.37637433931087,..,..,..
CO2 emissions (metric tons per capita),EN.ATM.CO2E.PC,Jamaica,JAM,3.08690314190539,3.78950826044996,2.50164665349344,2.65154562722347,2.57379039677066,2.52159788365645,2.66667400718866,2.46161388747377,2.89963415544152,..,..,..
CO2 emissions (metric tons per capita),EN.ATM.CO2E.PC,Japan,JPN,8.84821587651242,9.32609603998644,9.81140649852306,9.89367962650555,9.58405355290864,9.29283236721435,9.22394197021634,9.08563914300274,8.7422577098865,..,..,..
CO2 emissions (metric tons per capita),EN.ATM.CO2E.PC,Jordan,JOR,2.78472010337958,3.17618660437931,2.98147222675802,2.79375775913394,2.86921299696305,2.73671830999443,2.60197360640031,2.66711902095272,2.47859527268662,..,..,..
CO2 emissions (metric tons per capita),EN.ATM.CO2E.PC,Kazakhstan,KAZ,14.5320528505016,7.70511164416521,14.3811758988905,15.0473559675293,11.8710444673951,11.7791874344389,12.5333994977536,12.5048675623868,12.0619691393056,..,..,..
CO2 emissions (metric tons per capita),EN.ATM.CO2E.PC,Kenya,KEN,0.258803382518059,0.257472675125765,0.273546483248751,0.309754049572862,0.321841107580519,0.356946384459996,0.38265880019117,0.376136378887093,0.358028407608337,..,..,..
CO2 emissions (metric tons per capita),EN.ATM.CO2E.PC,Kiribati,KIR,0.276265988894107,0.473905574314318,0.56412715426057,0.556137440099363,0.548511249051533,0.540896265111289,0.710927849709853,0.700813820048531,0.690595811536403,..,..,..
CO2 emissions (metric tons per capita),EN.ATM.CO2E.PC,"Korea, Dem. People's Rep.",PRK,6.0794191826298,3.13226724598346,1.55237941862625,1.11594697045669,1.2539013312146,1.00461280078425,1.18896784827838,0.880069285597662,0.709208588187231,..,..,..
CO2 emissions (metric tons per capita),EN.ATM.CO2E.PC,"Korea, Rep.",KOR,5.81418634876632,9.6938590023326,11.9315090424667,11.8511425582949,11.5475582343263,11.8888685702251,12.003248167439,12.175364736721,12.224591362122,..,..,..
CO2 emissions (metric tons per capita),EN.ATM.CO2E.PC,Kuwait,KWT,13.9594817094996,23.0646274087182,24.9607925342774,24.1777549908093,22.6446440865048,22.9534558977659,22.7149695895384,22.1197593157174,21.6227243085731,..,..,..
CO2 emissions (metric tons per capita),EN.ATM.CO2E.PC,Kyrgyz Republic,KGZ,5.18309345964657,0.953372529805651,1.79412184334427,1.63997482341422,1.66395338874132,1.72405110040457,1.59552594785755,1.50688909683456,1.73973556019485,..,..,..
CO2 emissions (metric tons per capita),EN.ATM.CO2E.PC,Lao PDR,LAO,0.119761294605505,0.169055324481972,0.507407293041056,0.59774032753724,0.665686410795084,1.2846453726065,2.24369574083444,2.6621483494033,2.66090849278722,..,..,..
CO2 emissions (metric tons per capita),EN.ATM.CO2E.PC,Late-demographic dividend,LTE,3.40798684851971,3.30054288208715,6.3401902554667,6.50076112944654,6.42871570305199,6.36530359380355,6.31702092043805,6.39107791324244,6.51825412431905,..,..,..
CO2 emissions (metric tons per capita),EN.ATM.CO2E.PC,Latin America & Caribbean (excluding high income),LAC,1.82566944839882,2.2160171283989,2.57248279910072,2.61282134592441,2.6201439316692,2.59605420942615,2.52640643212984,2.4626974924072,2.41393990657573,..,..,..
CO2 emissions (metric tons per capita),EN.ATM.CO2E.PC,Latin America & Caribbean (IDA & IBRD),TLA,1.98400625202024,2.41994158459699,2.84749768142943,2.89428794167088,2.8843607946829,2.84149718584368,2.7549684978099,2.67757311415746,2.61446299059836,..,..,..
CO2 emissions (metric tons per capita),EN.ATM.CO2E.PC,Latvia,LVA,7.05179691275485,2.92707651369559,3.72114697842374,3.70159297681113,3.65135205353444,3.70159294917339,3.64882112458198,3.66585523578863,3.95916507798465,..,..,..
CO2 emissions (metric tons per capita),EN.ATM.CO2E.PC,Least developed countries: UN classification,LDC,0.135412711058546,0.163340725786934,0.273689824920571,0.287509977516713,0.302086476822897,0.307030455665099,0.322138016880498,0.335802195017028,0.335389683196917,..,..,..
CO2 emissions (metric tons per capita),EN.ATM.CO2E.PC,Lebanon,LBN,2.00497175915223,4.07778339293437,4.24008870236672,3.93031238203989,3.98335996892532,4.14071956062144,4.14191780177207,4.29364987074325,4.03970721671608,..,..,..
CO2 emissions (metric tons per capita),EN.ATM.CO2E.PC,Lesotho,LSO,0.815844043487422,0.860879425227703,1.13152038622563,1.12889740738112,1.13044227208131,1.08304423822894,1.09395428813214,1.16660897370922,1.21897599376188,..,..,..
CO2 emissions (metric tons per capita),EN.ATM.CO2E.PC,Liberia,LBR,0.216771672470528,0.150959452642089,0.229709294424931,0.214201462831221,0.279848092949938,0.281738703451903,0.307404658772108,0.267958310790809,0.273917114341304,..,..,..
CO2 emissions (metric tons per capita),EN.ATM.CO2E.PC,Libya,LBY,8.1344920720821,7.44135801144218,8.32040594671981,8.70046753739904,9.38378403527548,8.38849448803931,7.88335469242902,8.63279004449815,8.82524913660345,..,..,..
CO2 emissions (metric tons per capita),EN.ATM.CO2E.PC,Liechtenstein,LIE,6.9468565474123,6.62970106075217,5.18913013792162,5.14347590687601,4.29887960450308,4.27065260910183,3.98353472314434,4.2322444121148,3.69217785748193,..,..,..
CO2 emissions (metric tons per capita),EN.ATM.CO2E.PC,Lithuania,LTU,8.71319944248504,3.00325528870113,3.99294056141481,3.83069349076255,3.70349277563143,3.81078931877408,3.90484587887098,3.96690287770166,4.13700592851868,..,..,..
CO2 emissions (metric tons per capita),EN.ATM.CO2E.PC,Low & middle income,LMY,2.11108092394175,2.01774644387877,3.30164555561309,3.3434344229554,3.33820105442483,3.282217921963,3.25813900178473,3.29429547879738,3.35567673750095,..,..,..
CO2 emissions (metric tons per capita),EN.ATM.CO2E.PC,Low income,LIC,0.653292827136732,0.403116018871391,0.32457670463667,0.282440765500417,0.286487913047385,0.252792293284884,0.260545521514229,0.248158902037574,0.236733529626072,..,..,..
CO2 emissions (metric tons per capita),EN.ATM.CO2E.PC,Lower middle income,LMC,1.0997889725532,1.10110029347724,1.53965992659883,1.54400271813079,1.60659119281643,1.60047537795189,1.61807192871098,1.66163479492099,1.73095549671914,..,..,..
CO2 emissions (metric tons per capita),EN.ATM.CO2E.PC,Luxembourg,LUX,29.6451486185675,19.6653678661471,20.1338742546323,18.6800647820966,17.3461629029388,16.0286795738794,15.2230015085548,15.0921628075447,15.3302080763221,..,..,..
CO2 emissions (metric tons per capita),EN.ATM.CO2E.PC,Madagascar,MDG,0.0767330879196513,0.104650237974641,0.122613505985083,0.127606243194243,0.12929263743712,0.136997154420552,0.129346514894733,0.136876419872876,0.128320761389143,..,..,..
CO2 emissions (metric tons per capita),EN.ATM.CO2E.PC,Malawi,MWI,0.0765591021914086,0.0789326086841477,0.0727461205857881,0.0763923275081763,0.0675279550386598,0.0716618777621548,0.0790456263560902,0.0848887162692564,0.0865337262442186,..,..,..
CO2 emissions (metric tons per capita),EN.ATM.CO2E.PC,Malaysia,MYS,3.11650296752758,5.24483393558025,6.99321172020727,7.45938356824238,7.75715861387129,7.68227904197967,7.45128215891124,7.16580846178811,7.6002204133699,..,..,..
CO2 emissions (metric tons per capita),EN.ATM.CO2E.PC,Maldives,MDV,0.716977581007264,1.64640868158456,2.86986665189776,2.71901287801498,3.12630741716435,2.96759387488624,3.68029778866679,3.66641283808557,3.70367497634302,..,..,..
CO2 emissions (metric tons per capita),EN.ATM.CO2E.PC,Mali,MLI,0.0497046419993574,0.128808906779624,0.194624459901479,0.185411979948272,0.184242397329005,0.195541291554245,0.246027819623535,0.272789702529041,0.294583927721055,..,..,..
CO2 emissions (metric tons per capita),EN.ATM.CO2E.PC,Malta,MLT,6.55052658327922,5.46032039006683,6.45195082232613,5.56381128115558,5.40779366620796,3.7074236102217,2.96471332320207,3.24787018775681,3.19831624125622,..,..,..
CO2 emissions (metric tons per capita),EN.ATM.CO2E.PC,Marshall Islands,MHL,0,1.9702880561138,2.46861334461842,2.4590307905784,2.62315723204449,2.61123877167328,3.11834104256536,3.10061495529947,3.25275628295556,..,..,..
CO2 emissions (metric tons per capita),EN.ATM.CO2E.PC,Mauritania,MRT,0.412908908853799,0.425820379078989,0.647501520954094,0.576293838606815,0.641075541594355,0.729060396846109,0.674907746595919,0.887315175751451,0.908407126272224,..,..,..
CO2 emissions (metric tons per capita),EN.ATM.CO2E.PC,Mauritius,MUS,1.09560577082005,2.047396814992,2.97002425387098,3.0349905812007,3.1325985341025,3.13637281651823,3.19753568141147,3.30535903078649,3.26404031287368,..,..,..
CO2 emissions (metric tons per capita),EN.ATM.CO2E.PC,Mexico,MEX,3.18906364409668,3.88756928789929,4.09902758114925,3.95414657649222,3.80806346471111,3.87819450978334,3.88580937201112,3.78121582762561,3.74147772536983,..,..,..
CO2 emissions (metric tons per capita),EN.ATM.CO2E.PC,"Micronesia, Fed. Sts.",FSM,0,1.21037195661282,1.24394771592062,1.32172730877438,1.30300435575742,1.37758756864978,1.54243977679989,1.52519715416155,1.59801136363636,..,..,..
CO2 emissions (metric tons per capita),EN.ATM.CO2E.PC,Middle East & North Africa (excluding high income),MNA,2.32471643618172,2.83551555980478,3.83717556242907,3.8440780743615,3.9113418541043,3.80655566331399,3.7768657707368,3.81353398792183,3.8410407250619,..,..,..
CO2 emissions (metric tons per capita),EN.ATM.CO2E.PC,Middle East & North Africa (IDA & IBRD),TMN,2.3294907807881,2.84627741604559,3.85592063162099,3.86312524992354,3.93097944402994,3.82590796563491,3.79630437091991,3.83330019291026,3.86134711932321,..,..,..
CO2 emissions (metric tons per capita),EN.ATM.CO2E.PC,Middle income,MIC,2.21825984238275,2.1526174431555,3.60187547775716,3.65632572987105,3.65449902366368,3.6006132237466,3.57776456369753,3.62384048525191,3.69823452024663,..,..,..
CO2 emissions (metric tons per capita),EN.ATM.CO2E.PC,Moldova,MDA,10.2825876015502,2.29497195927331,2.84669332439924,2.5116381897735,2.69868216104587,2.82939323274052,2.90489156617907,2.96171762200208,3.17183206349277,..,..,..
CO2 emissions (metric tons per capita),EN.ATM.CO2E.PC,Monaco,MCO,..,..,..,..,..,..,..,..,..,..,..,..
CO2 emissions (metric tons per capita),EN.ATM.CO2E.PC,Mongolia,MNG,5.93826674950633,3.75404028585765,6.06790531235552,6.3779958449335,6.16303262019699,5.76968036304296,5.94498419360559,6.25283416854327,6.72509805331754,..,..,..
CO2 emissions (metric tons per capita),EN.ATM.CO2E.PC,Montenegro,MNE,0,0,3.75442514594723,3.6541764661377,3.57022241520722,3.79324256339617,3.39063125197854,3.58306031913338,4.0499689020245,..,..,..
CO2 emissions (metric tons per capita),EN.ATM.CO2E.PC,Morocco,MAR,0.875946151845205,1.15615681112155,1.8094634668574,1.77128136576115,1.78870377994989,1.82179535379006,1.79580675137932,1.85294184519676,1.85072678357202,..,..,..
CO2 emissions (metric tons per capita),EN.ATM.CO2E.PC,Mozambique,MOZ,0.0862381472596443,0.0807365659012219,0.123478276048597,0.135363779594591,0.170051257329323,0.208564447579157,0.208049391428581,0.210129447069492,0.225115201178573,..,..,..
CO2 emissions (metric tons per capita),EN.ATM.CO2E.PC,Myanmar,MMR,0.101366419332603,0.205480780291003,0.229316297252505,0.262089762985998,0.32593217366768,0.360853051298232,0.41266694088564,0.588207514590778,0.605492802809427,..,..,..
CO2 emissions (metric tons per capita),EN.ATM.CO2E.PC,Namibia,NAM,..,1.08103108075804,1.61292012810413,1.71031553082911,1.75945907190293,1.8445713229205,1.84899009518058,1.8021970155118,1.73589837846669,..,..,..
CO2 emissions (metric tons per capita),EN.ATM.CO2E.PC,Nauru,NRU,13.6755733221124,8.70827285921625,3.94632991318074,4.89811912225705,4.85955875206531,4.81974166184693,5.72847049837693,6.61813368630046,6.55553474433414,..,..,..
CO2 emissions (metric tons per capita),EN.ATM.CO2E.PC,Nepal,NPL,0.0497210332665449,0.134496749710613,0.222311476163022,0.226252791240562,0.264996832302943,0.23912611915003,0.342583453365919,0.399165017713445,0.428179218238,..,..,..
CO2 emissions (metric tons per capita),EN.ATM.CO2E.PC,Netherlands,NLD,9.92207476034193,10.1911944689003,9.40139404673075,9.34991435592706,8.88763290239767,9.33357253158707,9.2934281775427,9.10088763862349,8.7728237338512,..,..,..
CO2 emissions (metric tons per capita),EN.ATM.CO2E.PC,New Zealand,NZL,6.70010210823473,7.64704357518729,7.26163199564438,7.1475203169672,7.03863611203365,6.98355534342865,6.61419995333149,6.83895629051022,6.5726645716851,..,..,..
CO2 emissions (metric tons per capita),EN.ATM.CO2E.PC,Nicaragua,NIC,0.462448798172249,0.743690955968367,0.783949265611706,0.740623198957783,0.774899254957158,0.846826585662696,0.853430457314994,0.845752980926861,0.805815232908442,..,..,..
CO2 emissions (metric tons per capita),EN.ATM.CO2E.PC,Niger,NER,0.0747515259278159,0.0591268934615451,0.10620836203722,0.0967343405341692,0.102909629441135,0.0984918104059647,0.0947626145996287,0.0958227395971223,0.102037038018956,..,..,..
CO2 emissions (metric tons per capita),EN.ATM.CO2E.PC,Nigeria,NGA,0.712616859975062,0.622077225518892,0.602049396957054,0.644598562418289,0.658711745421674,0.597060395913481,0.583027843306121,0.59159678883652,0.667110198543523,..,..,..
CO2 emissions (metric tons per capita),EN.ATM.CO2E.PC,North Macedonia,MKD,4.30313723250667,4.33452934235558,4.40153788673151,3.96904721191292,3.74438102205238,3.59730394573265,3.55161081650523,3.77522339139941,3.53823914751961,..,..,..
CO2 emissions (metric tons per capita),EN.ATM.CO2E.PC,Norway,NOR,6.88440077303333,7.58856611504827,7.79305192930341,7.52221178618964,7.45148360050704,7.44708550869241,7.24994980436598,6.99265184098141,7.0313611886935,..,..,..
CO2 emissions (metric tons per capita),EN.ATM.CO2E.PC,OECD members,OED,10.2376726086408,10.7278725387421,9.3834071704838,9.36849259807753,9.13452541051389,9.02832676350448,8.91541554958606,8.83274976069081,8.83526395766937,..,..,..
CO2 emissions (metric tons per capita),EN.ATM.CO2E.PC,Oman,OMN,6.56123803774285,9.93838991910398,16.7665752533354,16.2000422332631,16.0084226104381,16.0052829150518,15.5250348442596,14.9809491192102,15.1921243629744,..,..,..
CO2 emissions (metric tons per capita),EN.ATM.CO2E.PC,Other small states,OSS,4.93321317176538,4.35974126712983,6.42241380086173,6.49713869121628,6.59415226298825,6.424559707001,6.36173981543532,6.37157186256814,6.40668231484398,..,..,..
CO2 emissions (metric tons per capita),EN.ATM.CO2E.PC,Pacific island small states,PSS,0.990575142198185,1.02422939477215,1.06235119920055,1.11960617743798,1.18783348640318,1.25341076437662,1.46285603149374,1.48361391819956,1.53950416562132,..,..,..
CO2 emissions (metric tons per capita),EN.ATM.CO2E.PC,Pakistan,PAK,0.567126621064794,0.691074356333998,0.767566766628333,0.758649973014073,0.786820565567462,0.820300353282738,0.886749484691346,0.950909547146283,0.981820104961691,..,..,..
CO2 emissions (metric tons per capita),EN.ATM.CO2E.PC,Palau,PLW,0,10.9924623115578,11.9081372271052,12.4978696813043,12.4822695035461,12.4540050948203,14.6743424765775,15.1608737155371,16.191167439004,..,..,..
CO2 emissions (metric tons per capita),EN.ATM.CO2E.PC,Panama,PAN,1.08865187664967,1.74238276783443,2.77406855874408,2.76630077276521,2.89133575867189,2.69623962766695,2.66777439991796,2.49588240278721,2.42765632047745,..,..,..
CO2 emissions (metric tons per capita),EN.ATM.CO2E.PC,Papua New Guinea,PNG,0.470119975917725,0.482249952544553,0.642117425455081,0.671512513244076,0.738668330746736,0.793066208571233,0.922414874888869,0.912534406695016,0.866804456815709,..,..,..
CO2 emissions (metric tons per capita),EN.ATM.CO2E.PC,Paraguay,PRY,0.490124929766518,0.661256138692464,0.806663853205866,0.81409796486261,0.853091829047065,0.95234592552924,1.05490243406565,1.16498215101722,1.21045377784493,..,..,..
CO2 emissions (metric tons per capita),EN.ATM.CO2E.PC,Peru,PER,0.934692369090852,1.07445427700074,1.63928370385257,1.66319685916424,1.75504643146319,1.76628469693498,1.82790966161974,1.71700440833488,1.69681922982601,..,..,..
CO2 emissions (metric tons per capita),EN.ATM.CO2E.PC,Philippines,PHL,0.659825324978109,0.938432506399362,0.905849289823312,0.989162120819417,1.03876968838412,1.11317629181088,1.20504926058478,1.29871832693512,1.3336909595387,..,..,..
CO2 emissions (metric tons per capita),EN.ATM.CO2E.PC,Poland,POL,9.18952542091632,7.72923671676787,7.96964750486849,7.84249376633075,7.51715226889801,7.60929987280715,7.89410885468869,8.2375624314908,8.23547225459022,..,..,..
CO2 emissions (metric tons per capita),EN.ATM.CO2E.PC,Portugal,PRT,4.11390395361496,5.99228486035527,4.58589780314382,4.45239423770679,4.41589522300703,4.81266984331839,4.72231143004684,5.1775191013854,4.84061276050869,..,..,..
CO2 emissions (metric tons per capita),EN.ATM.CO2E.PC,Post-demographic dividend,PST,11.7868833709099,12.0390326369357,10.523637625766,10.5369201419875,10.2616469900283,10.0830748340342,9.93932106952973,9.80816596204662,9.85358731175486,..,..,..
CO2 emissions (metric tons per capita),EN.ATM.CO2E.PC,Pre-demographic dividend,PRE,0.443444724661625,0.410225224005177,0.535956494028605,0.553291131916388,0.5617121843374,0.538724920974399,0.5432910192745,0.536517456888832,0.557925927727754,..,..,..
CO2 emissions (metric tons per capita),EN.ATM.CO2E.PC,Qatar,QAT,26.3293265445383,36.67714826311,33.3731315554366,31.9270180892664,32.6935322921826,32.4705695270077,32.1280420015378,32.1793706305256,32.4156391708326,..,..,..
CO2 emissions (metric tons per capita),EN.ATM.CO2E.PC,Romania,ROU,7.44035978188794,3.96025998518645,4.07467630802319,3.60343806322485,3.58682381452108,3.6789166685507,3.61075200127985,3.78279024428095,3.84513275926788,..,..,..
CO2 emissions (metric tons per capita),EN.ATM.CO2E.PC,Russian Federation,RUS,14.630524267763,10.160517139012,11.639943908216,11.3166609056235,11.1727417641705,10.808909312187,10.6060314351022,10.7766445857301,11.1266183699469,..,..,..
CO2 emissions (metric tons per capita),EN.ATM.CO2E.PC,Rwanda,RWA,0.071341521053363,0.0655432883168584,0.0682485932258721,0.0721451471566765,0.0730807572140857,0.0818009148684685,0.089983322233962,0.0876390539656255,0.0877908243794144,..,..,..
CO2 emissions (metric tons per capita),EN.ATM.CO2E.PC,Samoa,WSM,0.675688126931086,0.859825512742614,1.05770298642438,1.04870170728638,1.0924981791697,1.24024598211979,1.54209931119564,1.53564225677986,1.63158753467124,..,..,..
CO2 emissions (metric tons per capita),EN.ATM.CO2E.PC,San Marino,SMR,..,..,..,..,..,..,..,..,..,..,..,..
CO2 emissions (metric tons per capita),EN.ATM.CO2E.PC,Sao Tome and Principe,STP,0.419424381978173,0.351459258842715,0.636962960603841,0.624752702055436,0.613098857081547,0.601687734094134,0.590490156037024,0.627758515785712,0.663406497592782,..,..,..
CO2 emissions (metric tons per capita),EN.ATM.CO2E.PC,Saudi Arabia,SAU,10.249611520073,11.824520515064,16.7639024457839,16.6171647878491,17.3631624405825,17.6917123436156,17.160324198637,16.3347636246112,15.2687805332958,..,..,..
CO2 emissions (metric tons per capita),EN.ATM.CO2E.PC,Senegal,SEN,0.309580822251979,0.414381656324306,0.556633753644048,0.581174769701335,0.604596627521916,0.636556012470462,0.66161941756949,0.620648569323981,0.621912356528099,..,..,..
CO2 emissions (metric tons per capita),EN.ATM.CO2E.PC,Serbia,SRB,8.16108621144213,5.85257783502782,6.31330933118232,6.44181318825505,5.43013635925064,6.3647022296048,6.55113212460412,6.68009522482865,6.52192219406972,..,..,..
CO2 emissions (metric tons per capita),EN.ATM.CO2E.PC,Seychelles,SYC,2.15805602313436,7.14893197421454,5.09608960057982,4.55813850070596,5.0350813822393,5.35223027435532,5.70360277575335,6.15590079609361,6.40747400839172,..,..,..
CO2 emissions (metric tons per capita),EN.ATM.CO2E.PC,Sierra Leone,SLE,0.0787080217132283,0.0872491858560345,0.132586755685514,0.155886348653659,0.168159366056291,0.13106691677209,0.130989244418562,0.129533211714556,0.133330736434022,..,..,..
CO2 emissions (metric tons per capita),EN.ATM.CO2E.PC,Singapore,SGP,9.75343372062648,10.5712995424152,8.22409752812127,8.13459570207377,8.12838088356926,8.22041256714993,8.23215093655876,8.45115143597411,8.39913483236136,..,..,..
CO2 emissions (metric tons per capita),EN.ATM.CO2E.PC,Slovak Republic,SVK,10.3430960258621,7.06475749343072,5.98604292235028,6.08490830057969,5.61948190406871,5.6694557930868,5.80025255956859,6.17366569398033,6.05863547411852,..,..,..
CO2 emissions (metric tons per capita),EN.ATM.CO2E.PC,Slovenia,SVN,6.77122614243797,7.31048179292834,7.37424768819522,7.08754034679432,6.38706485998894,6.38226418696884,6.74562551270144,6.84285816603658,6.77469533158397,..,..,..
CO2 emissions (metric tons per capita),EN.ATM.CO2E.PC,Small states,SST,4.61928934823957,4.29019309085561,6.02090088844389,6.03478009321238,6.07525798460037,5.92843521228617,5.81685688432081,5.80046345004942,5.85984514417628,..,..,..
CO2 emissions (metric tons per capita),EN.ATM.CO2E.PC,Solomon Islands,SLB,0.4809711770006,0.581585547599142,0.647405164135193,0.682618946351402,0.57913841237721,0.513982819709749,0.581171965555875,0.550288508403692,0.566740598232995,..,..,..
CO2 emissions (metric tons per capita),EN.ATM.CO2E.PC,Somalia,SOM,0.101036817677955,0.0552283806249824,0.049545880547084,0.0497561527501642,0.0484222864392791,0.047110994372483,0.0465259397975487,0.0452390524063577,0.0459747904898814,..,..,..
CO2 emissions (metric tons per capita),EN.ATM.CO2E.PC,South Africa,ZAF,6.7297985867423,6.33187638428488,8.07663305380863,8.13733274039167,8.21315797849318,7.67120155502521,7.56445088105357,7.6327293553694,7.4966448945296,..,..,..
CO2 emissions (metric tons per capita),EN.ATM.CO2E.PC,South Asia (IDA & IBRD),TSA,0.567342502556742,0.773531071458188,1.27424033641974,1.29182769212915,1.38292180833402,1.38481557411261,1.39975587202481,1.46285048165024,1.52665123826178,..,..,..
CO2 emissions (metric tons per capita),EN.ATM.CO2E.PC,South Sudan,SSD,0,0,0.140404332838161,0.140028565827429,0.144956618179152,0.183843137196347,0.159704297799589,0.13931183983831,0.125729733551362,..,..,..
CO2 emissions (metric tons per capita),EN.ATM.CO2E.PC,Spain,ESP,5.53215372028976,7.23010706208244,5.75694702858302,5.20806018098009,5.18406686000494,5.51794438614828,5.31429460704187,5.65403956917695,5.52035039972218,..,..,..
CO2 emissions (metric tons per capita),EN.ATM.CO2E.PC,Sri Lanka,LKA,0.221635183985196,0.582076330710102,0.823990208078335,0.703424823900899,0.847049764173645,0.970910824988078,1.03428760081121,1.08701734750979,0.998154130133826,..,..,..
CO2 emissions (metric tons per capita),EN.ATM.CO2E.PC,St. Kitts and Nevis,KNA,2.73224043715847,4.31005149377311,7.01669974539404,4.57002066444127,4.52969907042697,4.68713381767049,4.84223982645412,4.61219155968945,4.95823639345513,..,..,..
CO2 emissions (metric tons per capita),EN.ATM.CO2E.PC,St. Lucia,LCA,1.23171447409415,2.29684120533122,2.94360727750291,1.80276611926425,2.01898971997734,2.12135252971289,1.94414202235208,2.04470724765826,2.14415305954148,..,..,..
CO2 emissions (metric tons per capita),EN.ATM.CO2E.PC,St. Vincent and the Grenadines,VCT,0.744262203574319,1.48440906602837,3.68884585235394,2.02533510089851,2.66377631627292,2.01585192651303,2.46649675244594,2.45843425054177,2.54060430088014,..,..,..
CO2 emissions (metric tons per capita),EN.ATM.CO2E.PC,Sub-Saharan Africa (excluding high income),SSA,0.783480196581332,0.716281627307837,0.80554548276298,0.817263477353069,0.823982107101728,0.781090524716706,0.768156515200385,0.76295186539325,0.763112675571824,..,..,..
CO2 emissions (metric tons per capita),EN.ATM.CO2E.PC,Sub-Saharan Africa (IDA & IBRD),TSS,0.78366421124309,0.717068799182923,0.805956711837532,0.817618181067341,0.824377307149742,0.78151815422518,0.76861242669,0.763443279504828,0.763618494024364,..,..,..
CO2 emissions (metric tons per capita),EN.ATM.CO2E.PC,Sudan,SDN,0.266533092391389,0.203482901331801,0.420237940877191,0.391124917071402,0.403658393144158,0.457548872645847,0.51396033465945,0.498365757244717,0.483235877575013,..,..,..
CO2 emissions (metric tons per capita),EN.ATM.CO2E.PC,Suriname,SUR,4.29450426858916,3.14262417612285,4.508108128082,4.1842150942362,4.77156149349875,4.91830252389401,4.0893423947968,3.73356050208501,3.61119261372218,..,..,..
CO2 emissions (metric tons per capita),EN.ATM.CO2E.PC,Sweden,SWE,6.23332497939264,6.00533649890911,4.42781216495959,4.22379158156152,4.03254501031857,4.00033227249692,3.90906658564348,3.81101122742003,3.53800912688421,..,..,..
CO2 emissions (metric tons per capita),EN.ATM.CO2E.PC,Switzerland,CHE,6.45221910622247,6.08414239482201,5.31083383842735,5.37497098034872,4.85183819699684,4.71240447812445,4.73049099415311,4.5694192033924,4.40199104356902,..,..,..
CO2 emissions (metric tons per capita),EN.ATM.CO2E.PC,Syrian Arab Republic,SYR,2.37583166160058,2.40877268552927,2.25012538614554,1.55936629560253,1.44676490380296,1.44687477548854,1.51498087637235,1.70218550675028,1.64708751139417,..,..,..
CO2 emissions (metric tons per capita),EN.ATM.CO2E.PC,Tajikistan,TJK,2.0856158556769,0.353906622381151,0.379690350455463,0.392070157728832,0.54163251675668,0.563045812884972,0.687937716243006,0.717320531920764,0.805419539521981,..,..,..
CO2 emissions (metric tons per capita),EN.ATM.CO2E.PC,Tanzania,TZA,0.074988549367541,0.0880618649228308,0.209763311113228,0.22296414348809,0.214569239341838,0.227066841446625,0.205846527728178,0.207828911434789,0.20563473262264,..,..,..
CO2 emissions (metric tons per capita),EN.ATM.CO2E.PC,Thailand,THA,1.56582080517561,2.59147197943521,3.71587527554888,3.85152032550116,3.77943792893464,3.8285940704904,3.78012232419006,3.76622871290066,3.71403920358071,..,..,..
CO2 emissions (metric tons per capita),EN.ATM.CO2E.PC,Timor-Leste,TLS,0,0,0.264783292527286,0.398859608354548,0.451320025921097,0.509908099513999,0.565903571671687,0.482602191013947,0.504741812732901,..,..,..
CO2 emissions (metric tons per capita),EN.ATM.CO2E.PC,Togo,TGO,0.25700061733138,0.257899125295518,0.329209261498003,0.251627635386092,0.222751564619598,0.24852652447126,0.306260279692866,0.268884386987762,0.286471388670057,..,..,..
CO2 emissions (metric tons per capita),EN.ATM.CO2E.PC,Tonga,TON,0.841494072726125,1.02080398521876,1.07070549758605,1.17915258234416,1.08886095245637,1.09148640603294,1.483048752756,1.76467128095528,1.84110311146426,..,..,..
CO2 emissions (metric tons per capita),EN.ATM.CO2E.PC,Trinidad and Tobago,TTO,11.5549564703252,11.3324373657923,16.4483712989306,16.7909179823123,16.0899982897036,15.5144884597309,13.2335145470661,13.1424938225221,12.7784401237264,..,..,..
CO2 emissions (metric tons per capita),EN.ATM.CO2E.PC,Tunisia,TUN,1.66818137535549,2.15587679344383,2.45966785449202,2.4440906280126,2.6059379772299,2.65385778524432,2.56459206885527,2.61426178197669,2.59225886480332,..,..,..
CO2 emissions (metric tons per capita),EN.ATM.CO2E.PC,Turkey,TUR,2.58188911422361,3.42535307765333,4.40556452484269,4.19055775418873,4.41076337101344,4.47717595953506,4.69247155642438,5.12719670144346,5.0154183703224,..,..,..
CO2 emissions (metric tons per capita),EN.ATM.CO2E.PC,Turkmenistan,TKM,12.1200506626261,8.15964472220451,12.5856459853308,12.6304977511825,12.7123822151779,12.9517223113362,12.7190535554806,12.4981177271975,12.2596481704872,..,..,..
CO2 emissions (metric tons per capita),EN.ATM.CO2E.PC,Tuvalu,TUV,1.12233445566779,1.06473594548552,0.930752047654505,0.921743939533598,0.911327804611319,0.900982070456798,0.89031339031339,0.87989441267048,0.869187309865276,..,..,..
CO2 emissions (metric tons per capita),EN.ATM.CO2E.PC,Uganda,UGA,0.0455216099437635,0.0562364083894743,0.113140829950201,0.119626209278797,0.128415159165713,0.127140436055594,0.143004243745513,0.141862619267839,0.143462178127508,..,..,..
CO2 emissions (metric tons per capita),EN.ATM.CO2E.PC,Ukraine,UKR,13.2704070424001,6.04719734019298,6.0818090501021,5.90464010625011,5.24847999835661,4.22708614574343,4.47175785501208,3.89996818059592,4.15418063140229,..,..,..
CO2 emissions (metric tons per capita),EN.ATM.CO2E.PC,United Arab Emirates,ARE,30.2991024574541,26.9745350051546,19.223116133525,20.0154208978824,19.9518524813163,20.9480922596993,21.307609517171,21.9506143326075,20.7974984025486,..,..,..
CO2 emissions (metric tons per capita),EN.ATM.CO2E.PC,United Kingdom,GBR,9.72425282701003,9.00148361810467,7.33247132682362,7.06490255865771,6.42159819144514,6.14854495774701,5.77474166798541,5.54626594443601,5.39870813789348,..,..,..
CO2 emissions (metric tons per capita),EN.ATM.CO2E.PC,United States,USA,19.4092291175092,20.4719330952981,15.7711446187591,16.1029578354008,16.0263790723251,15.535342110601,15.1317468158119,14.8058824221278,15.2408745833286,..,..,..
CO2 emissions (metric tons per capita),EN.ATM.CO2E.PC,Upper middle income,UMC,3.36975247448059,3.33037702370152,6.17302289972549,6.31004358152585,6.24646053799776,6.15086708921126,6.09438250692018,6.16138757392797,6.26183680415772,..,..,..
CO2 emissions (metric tons per capita),EN.ATM.CO2E.PC,Uruguay,URY,1.23810215982902,1.64471008821791,2.52147470756664,2.17145271366682,1.91151789518942,1.93141116402546,1.90704875006534,1.76916731288801,1.8902440792163,..,..,..
CO2 emissions (metric tons per capita),EN.ATM.CO2E.PC,Uzbekistan,UZB,5.74207703559239,4.9366338882939,3.73776217904583,3.74067558988467,3.42710930921363,3.24388397036318,3.37070890074385,3.43886429175698,3.4011912817354,..,..,..
CO2 emissions (metric tons per capita),EN.ATM.CO2E.PC,Vanuatu,VUT,0.477571209278526,0.486581172552497,0.48095228552534,0.428620970475808,0.606317831807433,0.516361275854947,0.646723626251231,0.595448670573277,0.615016656701119,..,..,..
CO2 emissions (metric tons per capita),EN.ATM.CO2E.PC,"Venezuela, RB",VEN,5.25247081840392,5.55503909504986,6.26446932165773,6.30199489970903,6.26935290325628,5.78023402634421,5.42891856886792,5.05875694839347,4.782754886893,..,..,..
CO2 emissions (metric tons per capita),EN.ATM.CO2E.PC,Vietnam,VNM,0.270779674109823,0.629580043080995,1.63994255535232,1.6928441923417,1.83789035134824,2.25730024603062,2.39074070939547,2.34808129158276,2.69880592228919,..,..,..
CO2 emissions (metric tons per capita),EN.ATM.CO2E.PC,World,WLD,3.90296442208953,3.8126493115353,4.57876814606997,4.61022927939351,4.56077424339036,4.48877009116037,4.43675907864533,4.44130858245966,4.48352391238305,..,..,..
CO2 emissions (metric tons per capita),EN.ATM.CO2E.PC,"Yemen, Rep.",YEM,0.567037350254958,0.797859920268003,0.804145730819735,1.04783404153924,1.03432967692048,0.536269296401475,0.400468047029966,0.361417938135093,0.326681762802864,..,..,..
CO2 emissions (metric tons per capita),EN.ATM.CO2E.PC,Zambia,ZMB,0.340929635482762,0.173772088976686,0.277909358410989,0.28405758302772,0.311692501321284,0.319282188147263,0.34161502260312,0.414747987493242,0.446065443448411,..,..,..
CO2 emissions (metric tons per capita),EN.ATM.CO2E.PC,Zimbabwe,ZWE,1.58448542421985,1.15305481252255,0.923359696485339,0.925816482499597,0.894256225384953,0.897598359769294,0.783302583301985,0.718570495664028,0.849792905399696,..,..,..
,,,,,,,,,,,,,,,
,,,,,,,,,,,,,,,
,,,,,,,,,,,,,,,
Data from database: Environment Social and Governance (ESG) Data,,,,,,,,,,,,,,,
Last Updated: 10/28/2021,,,,,,,,,,,,,,,
